{"cameraMode":{"drawMode":0,"name":"Shaded","section":"Shading Mode"},"sceneLighting":false,"audioPlay":false,"sceneViewState":{"showFog":true,"showMaterialUpdate":false,"showSkybox":true,"showFlares":true,"showImageEffects":true,"showParticleSystems":true},"in2DMode":false,"pivot":{"x":333.010009765625,"y":55.61389923095703,"z":226.178955078125},"rotation":{"x":-0.008933196775615216,"y":-0.9896891117095947,"z":0.12385685741901398,"w":-0.07138068974018097},"size":4.46042013168335,"orthographic":false}