{"cameraMode":{"drawMode":0,"name":"Shaded","section":"Shading Mode"},"sceneLighting":false,"audioPlay":false,"sceneViewState":{"showFog":true,"showMaterialUpdate":false,"showSkybox":true,"showFlares":true,"showImageEffects":true,"showParticleSystems":true},"in2DMode":false,"pivot":{"x":337.27899169921877,"y":54.50032043457031,"z":229.2550048828125},"rotation":{"x":-0.017477592453360559,"y":0.9548603892326355,"z":-0.057359788566827777,"w":-0.29093995690345766},"size":2.8578836917877199,"orthographic":true}