{"cameraMode":{"drawMode":0,"name":"Shaded","section":"Shading Mode"},"sceneLighting":true,"audioPlay":false,"sceneViewState":{"showFog":true,"showMaterialUpdate":false,"showSkybox":true,"showFlares":true,"showImageEffects":true,"showParticleSystems":true},"in2DMode":false,"pivot":{"x":285.71435546875,"y":0.7599999904632568,"z":30.413408279418947},"rotation":{"x":0.1390363574028015,"y":-0.012772669084370137,"z":0.001793478848412633,"w":0.990203320980072},"size":2.98826265335083,"orthographic":true}