{"cameraMode":{"drawMode":0,"name":"Shaded","section":"Shading Mode"},"sceneLighting":false,"audioPlay":false,"sceneViewState":{"showFog":true,"showMaterialUpdate":false,"showSkybox":true,"showFlares":true,"showImageEffects":true,"showParticleSystems":true},"in2DMode":false,"pivot":{"x":337.9593811035156,"y":53.51787567138672,"z":231.19009399414063},"rotation":{"x":-0.07928382605314255,"y":0.5941901803016663,"z":-0.05901772156357765,"w":-0.7982287406921387},"size":3.7913975715637209,"orthographic":false}