{"cameraMode":{"drawMode":0,"name":"Shaded","section":"Shading Mode"},"sceneLighting":false,"audioPlay":false,"sceneViewState":{"showFog":true,"showMaterialUpdate":false,"showSkybox":true,"showFlares":true,"showImageEffects":true,"showParticleSystems":true},"in2DMode":false,"pivot":{"x":-30.764923095703126,"y":3.2578625679016115,"z":-74.31388854980469},"rotation":{"x":0.0011514427606016398,"y":-0.9985606074333191,"z":0.02397010661661625,"w":0.04796783998608589},"size":22.0,"orthographic":false}